<?xml version="1.0" encoding="UTF-8"?>

<mule xmlns:ee="http://www.mulesoft.org/schema/mule/ee/core" xmlns:db="http://www.mulesoft.org/schema/mule/db"
	xmlns:http="http://www.mulesoft.org/schema/mule/http"
	xmlns="http://www.mulesoft.org/schema/mule/core" xmlns:doc="http://www.mulesoft.org/schema/mule/documentation" xmlns:xsi="http://www.w3.org/2001/XMLSchema-instance" xsi:schemaLocation="http://www.mulesoft.org/schema/mule/core http://www.mulesoft.org/schema/mule/core/current/mule.xsd
http://www.mulesoft.org/schema/mule/http http://www.mulesoft.org/schema/mule/http/current/mule-http.xsd
http://www.mulesoft.org/schema/mule/db http://www.mulesoft.org/schema/mule/db/current/mule-db.xsd
http://www.mulesoft.org/schema/mule/ee/core http://www.mulesoft.org/schema/mule/ee/core/current/mule-ee.xsd">
	<db:config name="Database_Config" doc:name="Database Config" doc:id="c034ecab-10af-436f-a37a-7aeeadbb0a0a" >
		<db:my-sql-connection host="iltdb.learn.mulesoft.com" port="3306" user="mule" password="mule" database="training" />
	</db:config>
	<http:listener-config name="HTTP_Listener_config" doc:name="HTTP Listener config" doc:id="704d6598-2524-4841-8b3f-22054838a1f0" >
		<http:listener-connection host="0.0.0.0" port="8081" />
	</http:listener-config>
	<flow name="getFlights" doc:id="c3eb29e6-e559-46fc-90ca-0753b2861cf7" >
		<db:select doc:name="select" doc:id="f1359705-569f-495d-a3f1-ac375305a657" config-ref="Database_Config">
			<db:sql ><![CDATA[select * from american]]></db:sql>
		</db:select>
		<ee:transform doc:name="Transform Message" doc:id="73fa5927-e887-4d8a-a8c4-1d0dccf19062" >
			<ee:message >
				<ee:set-payload ><![CDATA[%dw 2.0
output application/json
---
payload map ( payload01 , indexOfPayload01 ) -> {
	ID: payload01.ID,
	code: (payload01.code1
default "") ++ (payload01.code2 default ""),
	price: payload01.price default 0,
	departureDate: payload01.takeOffDate as String default "",
	origin: payload01.fromAirport default "",
	destination: payload01.toAirport default "",
	emptySeats: payload01.seatsAvailable default 0,
	plane: {
		"type": payload01.planeType default "",
		totalSeats: payload01.totalSeats default 0
	}
}]]></ee:set-payload>
			</ee:message>
		</ee:transform>
	</flow>
	<flow name="getFlightsById" doc:id="555bdd08-7c6c-49f3-a61f-76234593a7a4">
		<db:select doc:name="Select" doc:id="38923b38-8fad-4e9b-a1ac-24c5207f1fa6" config-ref="Database_Config">
			<db:sql><![CDATA[SELECT * from american WHERE ID = :ID]]></db:sql>
			<db:input-parameters ><![CDATA[#[{'ID' : attributes.uriParams.ID}]]]></db:input-parameters>
		</db:select>
		<ee:transform doc:name="Copy_of_Transform Message" doc:id="e7b4ac3a-c3da-4cbc-8c1a-68f7cb9b04f4">
			<ee:message>
				<ee:set-payload><![CDATA[%dw 2.0
output application/json
---
payload map ( payload01 , indexOfPayload01 ) -> {
	ID: payload01.ID,
	code: (payload01.code1
default "") ++ (payload01.code2 default ""),
	price: payload01.price default 0,
	departureDate: payload01.takeOffDate as String default "",
	origin: payload01.fromAirport default "",
	destination: payload01.toAirport default "",
	emptySeats: payload01.seatsAvailable default 0,
	plane: {
		"type": payload01.planeType default "",
		totalSeats: payload01.totalSeats default 0
	}
}]]></ee:set-payload>
			</ee:message>
		</ee:transform>
	</flow>
	<flow name="postFlight" doc:id="57952b2c-43bb-4af5-927a-c2b8fc453923" >
		<http:listener doc:name="Listener" doc:id="1edff399-1503-40a1-95a0-8eba2d8e7b5b" config-ref="HTTP_Listener_config" path="/flights" allowedMethods="POST"/>
		<set-payload value="#[payload]" doc:name="Set Payload" doc:id="020f69a6-3f85-44ec-a8c2-9a35ec924bbb" />
	</flow>
	<flow name="training4-american-wsFlow" doc:id="60472598-6a6c-44e3-a612-84dac9b2f655" >
		<set-payload value='{"message": "Flight added (but not really)"}' doc:name="Set Payload" doc:id="2d5b4257-27f7-48fb-84a8-17bc76617af5" />
	</flow>
</mule>
