<?xml version="1.0" encoding="UTF-8"?>

<mule xmlns:http="http://www.mulesoft.org/schema/mule/http" xmlns="http://www.mulesoft.org/schema/mule/core"
	xmlns:doc="http://www.mulesoft.org/schema/mule/documentation"
	xmlns:xsi="http://www.w3.org/2001/XMLSchema-instance" xsi:schemaLocation="http://www.mulesoft.org/schema/mule/core http://www.mulesoft.org/schema/mule/core/current/mule.xsd
http://www.mulesoft.org/schema/mule/http http://www.mulesoft.org/schema/mule/http/current/mule-http.xsd">
	<http:listener-config name="HTTP_Listener_config" doc:name="HTTP Listener config" doc:id="e7cb61f7-413a-475f-b220-c090d4d58d5d" >
		<http:listener-connection host="0.0.0.0" port="8081" />
	</http:listener-config>
	<http:request-config name="HTTP_Request_configuration" doc:name="HTTP Request configuration" doc:id="1d9c40a3-da15-49e4-a479-bad0e1d2febf">
		<http:request-connection host="localhost" port="8081" />
	</http:request-config>
	<flow name="helloFlow" doc:id="73a6a1f5-237a-4b6f-8ae6-be7b85928ace" >
		<http:listener doc:name="GET/hello" doc:id="140d2c11-9278-497d-a170-01661fd7cd0f" config-ref="HTTP_Listener_config" path="/hello" allowedMethods="GET">
			<http:response >
				<http:headers ><![CDATA[#[output application/java
---
{
	"name" : "vars.fname"
}]]]></http:headers>
			</http:response>
			<http:error-response reasonPhrase="Success" />
		</http:listener>
		<set-payload value="#['hello']" doc:name="Hello" doc:id="23cfb157-9607-44ab-8f33-84f2b9898714" />
		<set-variable value="#[attributes.queryParams.fname]" doc:name="firstName" doc:id="856437e0-f640-4593-963c-f8e5e8844a51" variableName="firstName"/>
		<http:request method="GET" doc:name="GET/goodbye" doc:id="bc979ff6-dde5-42fd-8412-885cbc188e13" config-ref="HTTP_Request_configuration" sendCorrelationId="NEVER" responseTimeout="30000" target="target" path="/goodbye">
			<http:query-params><![CDATA[#[output application/java
---
{
	"fullName" : "max"
}]]]></http:query-params>
		</http:request>
		<logger level="INFO" doc:name="Logger" doc:id="88d431cb-c107-4958-900a-58b240cb11b6" message="hello"/>
	</flow>
	<flow name="goodByeFlow" doc:id="7e49dbc5-67da-4e5d-bcda-d6f3d43477dc" >
		<http:listener doc:name="GET/goodbye" doc:id="c3b17a35-038e-40d9-82e5-7f2f005c97c1" config-ref="HTTP_Listener_config" path="/goodbye" allowedMethods="GET" />
		<set-payload value="#[upper('Goodbye') ++ &quot; &quot; ++ (attributes.queryParams.fullName default &quot;Maxine&quot;)]" doc:name="goodbye" doc:id="ab0a7926-395b-4856-af23-784aa57d5710" />
		<logger level="INFO" doc:name="fullName" doc:id="9eae1ee9-dd88-4183-9de2-a8d3ddfc9cec" message='#[(attributes.queryParams.fullName default "Maxine")]' />
	</flow>
</mule>
