<?xml version='1.0' encoding='UTF-8'?>
<types:mule xmlns:types="http://www.mulesoft.org/schema/mule/types">
  <types:catalog>
    <types:type name="flights" format="json">
      <types:shape format="weave" example="examples/flight-example.json"><![CDATA[%dw 2.0

type flights = {|
  airline: String, 
  flightCode: String, 
  fromAirportCode: String, 
  toAirportCode: String, 
  departureDate: String, 
  emptySeats: Number {"typeId": "int"}, 
  totalSeats: Number {"typeId": "int"}, 
  price: Number {"typeId": "int"}, 
  planeType: String
|} {"example": "{\\\"airline\\\":\\\"United\\\",\\\"flightCode\\\":\\\"ER38sd\\\",\\\"fromAirportCode\\\":\\\"LAX\\\",\\\"toAirportCode\\\":\\\"SFO\\\",\\\"departureDate\\\":\\\"May 21, 2016\\\",\\\"emptySeats\\\":0,\\\"totalSeats\\\":200,\\\"price\\\":199,\\\"planeType\\\":\\\"Boeing 737\\\"}"}

]]></types:shape>
    </types:type>
    <types:type name="americanFlight" format="json">
      <types:shape format="weave" example="examples/american-flights-example.json"><![CDATA[%dw 2.0

type americanFlight = Array<{|  ID: Number {"typeId": "int"},   code: String,   price: Number {"typeId": "double"},   departureDate: String,   origin: String,   destination: String,   emptySeats: Number {"typeId": "int"},   plane: {|    "type": String,     totalSeats: Number {"typeId": "int"}  |}|}> {"example": "[{\\\"ID\\\":1,\\\"code\\\":\\\"ER38sd\\\",\\\"price\\\":400.00,\\\"departureDate\\\":\\\"2016\\/03\\/20\\\",\\\"origin\\\":\\\"MUA\\\",\\\"destination\\\":\\\"SFO\\\",\\\"emptySeats\\\":0,\\\"plane\\\":{\\\"type\\\":\\\"Boeing 737\\\",\\\"totalSeats\\\":150}},{\\\"ID\\\":2,\\\"code\\\":\\\"ER45if\\\",\\\"price\\\":345.99,\\\"departureDate\\\":\\\"2016\\/02\\/11\\\",\\\"origin\\\":\\\"MUA\\\",\\\"destination\\\":\\\"LAX\\\",\\\"emptySeats\\\":52,\\\"plane\\\":{\\\"type\\\":\\\"Boeing 777\\\",\\\"totalSeats\\\":300}}]"}

]]></types:shape>
    </types:type>
  </types:catalog>
  <types:enrichment select="#73fa5927-e887-4d8a-a8c4-1d0dccf19062">
    <types:processor-declaration>
      <types:output-event>
        <types:message>
          <types:payload type="americanFlight"/>
        </types:message>
      </types:output-event>
    </types:processor-declaration>
  </types:enrichment>
  <types:enrichment select="#e7b4ac3a-c3da-4cbc-8c1a-68f7cb9b04f4">
    <types:processor-declaration>
      <types:output-event>
        <types:message>
          <types:payload type="americanFlight"/>
        </types:message>
      </types:output-event>
    </types:processor-declaration>
  </types:enrichment>
</types:mule>